transaction_id,card_id,merchant_name,timestamp,amount,location,transaction_type,related_transaction_id
1,42,Huffman LLC,2025-04-01 01:00:02,328.34,"663 Christine Burg, Yonkers, NY 10947",p2p_transfer,
2,23,Stephens and Sons,2025-04-01 01:09:37,238.74,"334 Valenzuela Mill, Bronx, NY 13668",purchase,
3,11,"Benson, Young and Gonzalez",2025-04-01 01:13:01,136.1,"1467 Bennett Court, New York, NY 16144",bill_payment,
4,4,Davis-Chan,2025-04-01 01:22:13,-17.73,"613 Jordan Island, Binghamton, NY 18066",refund,
5,51,Davis Inc,2025-04-01 01:49:13,466.55,"7087 Snyder Green, Brooklyn, NY 18937",bill_payment,
6,7,"Dixon, Oconnor and Foley",2025-04-01 02:00:55,76.12,"1530 Judy Locks, Syracuse, NY 12199",purchase,
7,7,"Colon, Johnson and Jacobs",2025-04-01 02:06:52,381.65,"7751 Amber Course, Cheektowaga, NY 13229",bill_payment,
8,47,Hughes LLC,2025-04-01 02:07:04,-313.97,"7404 Morris Loaf, Troy, NY 11947",refund,
9,31,Mcdonald Group,2025-04-01 02:08:27,-404.52,"1175 Sheryl Point, Bronx, NY 12367",refund,
10,7,"Oconnell, Lewis and Vargas",2025-04-01 02:23:34,-402.11,"9446 Rivera Knolls, Yonkers, NY 17928",refund,
11,2,"Colon, Lewis and Ballard",2025-04-01 02:24:31,-173.85,"6001 Smith Mountain, Rochester, NY 14506",refund,
12,7,Adams Inc,2025-04-01 02:40:27,50.71,"3172 Carney Gardens, Staten Island, NY 19454",atm_withdrawal,
13,22,Brandt-Gutierrez,2025-04-01 02:44:27,325.25,"1279 Webb Courts, Cheektowaga, NY 12604",wire_transfer,
14,44,"Barnes, Shelton and Oneill",2025-04-01 02:59:24,246.1,"7985 Matthew Valley, Schenectady, NY 17339",wire_transfer,
15,31,"Hurst, Weber and Perry",2025-04-01 03:28:53,128.74,"6413 Victoria Curve, Yonkers, NY 18222",wire_transfer,
16,12,"Jimenez, Perez and Jones",2025-04-01 03:28:54,211.0,"1848 Amy Crossroad, Albany, NY 11213",bill_payment,
17,2,"Bean, Small and Hensley",2025-04-01 03:34:27,198.59,"6501 Adam Islands, Utica, NY 10764",atm_withdrawal,
18,22,Wall-Young,2025-04-01 03:46:12,-265.34,"2319 Holloway Crossing, Buffalo, NY 10595",refund,
19,39,Johnson Inc,2025-04-01 03:50:42,-98.38,"3534 Scott Trail, Troy, NY 17672",refund,
20,51,Love-Vincent,2025-04-01 03:51:45,5602.5,"4184 Miller Loaf, Troy, NY 18837",wire_transfer,
21,44,Wilson and Sons,2025-04-01 03:56:21,281.71,"1791 Timothy Ridges, Niagara Falls, NY 10103",purchase,
22,21,"Smith, Jordan and Stewart",2025-04-01 03:56:46,-106.86,"7112 Kristina Forest, Rochester, NY 14788",refund,
23,18,Copeland PLC,2025-04-01 04:08:43,-491.48,"9291 Johnson Drive, Owensbury, CT 09177",refund,
24,22,Smith-Sanchez,2025-04-01 04:48:30,385.05,"4560 Huff Stravenue, New York, NY 16004",purchase,
25,19,Rice-Lambert,2025-04-01 04:50:25,-361.47,"5223 Toni Rue, Cheektowaga, NY 11406",refund,
26,35,"Taylor, Bowman and Hess",2025-04-01 04:51:01,-364.97,"9825 Stephanie Parkway, Buffalo, NY 13615",refund,
27,25,Johnson-Mitchell,2025-04-01 04:53:00,-304.65,"1027 Gerald Orchard, Staten Island, NY 18189",refund,
28,12,Long Inc,2025-04-01 05:04:42,38.18,"9302 Leslie Fall, Staten Island, NY 16418",atm_withdrawal,
29,24,Wang PLC,2025-04-01 05:05:44,109.73,"5500 Adam Rapid, Brooklyn, NY 13383",wire_transfer,
30,31,"Wheeler, Hogan and Sanchez",2025-04-01 05:18:54,-139.72,"1366 Bonnie Neck, Staten Island, NY 16086",refund,
31,28,Zuniga-Sanchez,2025-04-01 05:42:19,462.04,"6627 Christian Prairie, Buffalo, NY 14831",wire_transfer,
32,46,Kerr and Sons,2025-04-01 05:58:11,82.75,"7189 Sara Land, Rochester, NY 13040",bill_payment,
33,35,Marks-Dunn,2025-04-01 06:01:25,139.94,"7699 Donald Mission, Port Margaretland, PA 17797",atm_withdrawal,
34,10,"Gamble, Hughes and Trevino",2025-04-01 06:15:35,39.24,"7351 Jackson Road, Queens, NY 14032",atm_withdrawal,
35,18,George PLC,2025-04-01 06:28:09,127.82,"6972 Stephen Gateway, Foleychester, VT 03398",p2p_transfer,
36,9,Frazier-Evans,2025-04-01 06:28:22,35.15,"5657 Edwards Brooks, Troy, NY 11049",purchase,
37,21,Weber-Butler,2025-04-01 06:53:52,296.6,"1680 Jason Orchard, Jimmyport, PA 19766",purchase,
38,31,Barnett and Sons,2025-04-01 06:54:06,140.32,"2821 Jon Rapid, Niagara Falls, NY 13816",atm_withdrawal,
39,29,"Wood, Shepard and Reese",2025-04-01 07:26:35,3671.1,"127 Bradford Roads, Cheektowaga, NY 15635",purchase,
40,30,Henderson LLC,2025-04-01 07:53:09,-39.45,"8493 Wagner Courts, Staten Island, NY 18950",refund,
41,8,Martin LLC,2025-04-01 08:01:46,81.94,"1598 Derrick Creek, Cheektowaga, NY 17940",p2p_transfer,
42,16,Roberts-Beck,2025-04-01 08:11:41,153.2,"4549 Blackwell Points, New York, NY 17310",purchase,
43,37,"Berg, Fowler and Vaughan",2025-04-01 08:33:13,232.05,"9967 Kelsey Path, Hooverport, IL 64776",purchase,
44,26,Smith-Villanueva,2025-04-01 08:34:27,485.0,"5564 Allen Islands, Syracuse, NY 17727",wire_transfer,
45,43,Johnson Group,2025-04-01 09:31:57,392.59,"7777 Lang Locks, New York, NY 14921",p2p_transfer,
46,41,Stevens Inc,2025-04-01 09:32:22,253.37,"4906 Mendoza Passage, Queens, NY 11658",bill_payment,
47,41,Cross-Steele,2025-04-01 09:55:24,293.18,"9246 Mathews Lights, Buffalo, NY 11934",wire_transfer,
48,28,"Sherman, Clark and Evans",2025-04-01 10:00:17,-416.38,"6274 James Radial, Cheektowaga, NY 15067",refund,
49,15,Allen-Harris,2025-04-01 10:00:54,178.63,"7024 Kimberly Cliffs, Niagara Falls, NY 11624",purchase,
50,5,Rogers PLC,2025-04-01 10:05:57,171.73,"7969 Shawna Station, Bronx, NY 15538",atm_withdrawal,
51,25,Moore-Francis,2025-04-01 10:11:46,145.3,"9225 Steven Gateway, Troy, NY 14412",atm_withdrawal,
52,28,Gonzalez PLC,2025-04-01 10:20:20,-124.62,"1209 Zachary Via, New York, NY 10071",refund,
53,7,"Williams, Hull and Shelton",2025-04-01 10:24:35,187.5,"7924 Edward Village, Binghamton, NY 18757",wire_transfer,
54,24,Bright-Kidd,2025-04-01 10:28:30,194.41,"1284 Patterson Pine, South Jason, MA 00445",atm_withdrawal,
55,37,"Smith, Richmond and Hardy",2025-04-01 10:28:44,325.58,"5144 Jason Mill, Staten Island, NY 16947",bill_payment,
56,45,Church-Owens,2025-04-01 10:32:22,441.07,"8303 Robert Crossroad, White Plains, NY 14374",bill_payment,
57,23,Sutton Group,2025-04-01 10:35:24,195.78,"8585 Ronald Port, Niagara Falls, NY 12946",atm_withdrawal,
58,41,"Roberts, Adkins and Stein",2025-04-01 11:11:44,228.91,"1521 Timothy Walks, Cheektowaga, NY 18565",purchase,
59,2,Alexander-Perry,2025-04-01 11:40:27,166.06,"531 Petty Dale, Albany, NY 17434",wire_transfer,
60,47,"Werner, Porter and Evans",2025-04-01 11:50:57,-268.98,"7726 Cody Street, White Plains, NY 13417",refund,
61,18,Phillips and Sons,2025-04-01 12:06:09,67.71,"4436 Murphy Lock, Binghamton, NY 13510",atm_withdrawal,
62,7,"Hutchinson, Garner and Nolan",2025-04-01 12:19:57,-49.36,"9512 Davis Fort, Ithaca, NY 19607",refund,
63,48,"Hunt, Esparza and Smith",2025-04-01 12:31:34,177.03,"9622 Pierce Tunnel, Binghamton, NY 13654",bill_payment,
64,6,"Harris, Martinez and Chavez",2025-04-01 12:34:12,-8.65,"30 Chelsea Via, Staten Island, NY 18024",refund,
65,11,"Rodriguez, Hill and Green",2025-04-01 12:52:57,351.71,"4485 Rodney Bridge, Syracuse, NY 13788",bill_payment,
66,29,White PLC,2025-04-01 13:14:13,283.7,"9923 Harris Plains, Schenectady, NY 13398",purchase,
67,50,Smith PLC,2025-04-01 13:15:58,143.77,"7641 Cheryl Fork, Niagara Falls, NY 17403",purchase,
68,12,Smith LLC,2025-04-01 13:31:44,84.61,"6756 Jackson Cliff, Troy, NY 14924",atm_withdrawal,
69,37,Reed-Cook,2025-04-01 13:40:55,266.27,"3140 Jackson Ridge, Niagara Falls, NY 11176",purchase,
70,48,Ware-Valencia,2025-04-01 13:42:52,391.31,"589 Kurt Union, New York, NY 14861",p2p_transfer,
71,14,Phillips Inc,2025-04-01 13:51:57,463.44,"9511 Brooks Plains, Bronx, NY 17105",bill_payment,
72,35,Lucas Inc,2025-04-01 13:58:37,82.6,"3883 Williams Turnpike, Niagara Falls, NY 19378",bill_payment,
73,30,"Lee, Gross and Pierce",2025-04-01 14:03:50,153.79,"4200 Daniel Motorway, Ithaca, NY 15862",atm_withdrawal,
74,29,Diaz-Hines,2025-04-01 14:09:21,379.62,"639 Bradley Walks, Rochester, NY 16186",p2p_transfer,
75,25,"Weber, Jennings and Dominguez",2025-04-01 14:26:19,441.86,"1643 Martin Plaza, Utica, NY 10670",wire_transfer,
76,52,Finley-Garcia,2025-04-01 14:27:27,82.6,"8504 Lopez Drive, Binghamton, NY 15689",bill_payment,
77,27,"Davidson, Booker and Webster",2025-04-01 14:53:00,-150.8,"1367 Hector Extension, Bronx, NY 16556",refund,
78,14,"Blake, Villarreal and Watkins",2025-04-01 15:14:07,464.52,"6951 Burke Turnpike, Staten Island, NY 11578",bill_payment,
79,3,Cummings-Young,2025-04-01 15:14:37,-277.81,"7736 Gary Pike, Rochester, NY 10639",refund,
80,5,Harrison-Johnson,2025-04-01 15:24:58,132.82,"8836 Smith Motorway, White Plains, NY 13585",atm_withdrawal,
81,35,"Clark, Cordova and Webster",2025-04-01 15:47:57,27.67,"2619 Nicole Forges, Queens, NY 18910",purchase,
82,52,Howell Group,2025-04-01 15:48:23,80.56,"9255 Walls Fields, Brooklyn, NY 12149",purchase,
83,36,"Harris, Dodson and Cline",2025-04-01 16:03:00,372.58,"9493 Weber Hills, Bradfordland, IL 68990",bill_payment,
84,33,Conrad Inc,2025-04-01 16:10:58,225.7,"6304 Hernandez Mission, Binghamton, NY 11873",purchase,
85,42,Wright Group,2025-04-01 16:13:57,216.1,"7280 Hunt Parks, Utica, NY 12710",wire_transfer,
86,25,Smith Ltd,2025-04-01 16:34:37,176.6,"6534 Phillips Oval, New York, NY 10249",atm_withdrawal,
87,33,"Vasquez, Lopez and Young",2025-04-01 16:38:41,159.83,"7869 David Centers, Bronx, NY 19504",atm_withdrawal,
88,4,Norris-Sweeney,2025-04-01 16:41:20,221.38,"8183 Felicia Mission, Niagara Falls, NY 17802",p2p_transfer,
89,9,"Griffin, Goodman and Newman",2025-04-01 17:30:09,377.69,"1403 Hicks Turnpike, Yonkers, NY 12261",p2p_transfer,
90,51,Daniels-Ramirez,2025-04-01 17:48:56,40.89,"8133 Kenneth Land, Buffalo, NY 16485",atm_withdrawal,
91,22,Rodriguez-Turner,2025-04-01 17:53:57,263.48,"5981 Jimenez Lake, Binghamton, NY 10871",wire_transfer,
92,26,"Dixon, Poole and Brooks",2025-04-01 18:06:47,455.58,"2184 Selena Tunnel, Schenectady, NY 14662",wire_transfer,
93,20,Taylor Ltd,2025-04-01 18:10:36,277.06,"2665 Sue Well, Yonkers, NY 14928",bill_payment,
94,50,Rice Group,2025-04-01 18:12:11,-390.81,"9683 Kimberly Harbors, Troy, NY 16519",refund,
95,47,Ortega-Hopkins,2025-04-01 18:34:44,113.0,"5800 Martinez Extension, New York, NY 16621",wire_transfer,
96,39,Cortez LLC,2025-04-01 18:47:16,259.91,"3918 Johnson Forges, Buffalo, NY 18637",wire_transfer,
97,38,Wolfe-Barrett,2025-04-01 18:51:37,53.57,"1540 Jack Crescent, Schenectady, NY 12304",bill_payment,
98,1,Mills Group,2025-04-01 18:59:41,155.8,"5574 Quinn Rest, Syracuse, NY 11814",wire_transfer,
99,52,Wright PLC,2025-04-01 19:10:29,437.28,"9482 Laurie Curve, Buffalo, NY 12386",p2p_transfer,
100,34,Horne-Frazier,2025-04-01 19:12:59,299.82,"7307 Craig Lock, Queens, NY 12079",wire_transfer,
101,2,"Rodriguez, Smith and Chan",2025-04-01 20:05:48,-390.7,"506 Megan Extensions, Niagara Falls, NY 14671",refund,
102,38,Gutierrez-Trujillo,2025-04-01 20:13:41,-427.77,"2445 Eric Estate, Schenectady, NY 15293",refund,
103,19,Cook-Clay,2025-04-01 20:21:15,-96.57,"4280 Timothy Pines, White Plains, NY 12183",refund,
104,6,"Stevens, Ryan and Martin",2025-04-01 20:58:46,432.04,"1140 Noah Roads, Utica, NY 19854",bill_payment,
105,5,Randall and Sons,2025-04-01 21:31:28,-231.17,"2719 Cook Parks, Niagara Falls, NY 13078",refund,
106,46,Duke Inc,2025-04-01 21:40:38,83.96,"4220 Adam Terrace, White Plains, NY 15064",wire_transfer,
107,14,Alvarez PLC,2025-04-01 22:04:37,-220.09,"3878 Joseph Terrace, New York, NY 14454",refund,
108,20,Patterson-Conner,2025-04-01 22:22:48,488.23,"5024 Kevin Glen, Troy, NY 17227",p2p_transfer,
109,26,Schaefer-Miller,2025-04-01 22:24:38,261.68,"3430 Graham Trafficway, Troy, NY 13228",wire_transfer,
110,37,Weaver Ltd,2025-04-01 22:40:47,476.92,"792 Young Heights, Albany, NY 18758",wire_transfer,
111,22,Thomas Ltd,2025-04-01 22:45:18,125.71,"916 Becker Street, Wilsonside, PA 18968",bill_payment,
112,13,"Benson, Graves and Wong",2025-04-01 23:00:58,-280.05,"5139 Lopez Village, Lake Kevinview, VT 09281",refund,
113,21,Elliott LLC,2025-04-01 23:30:31,284.44,"4340 David Forges, Binghamton, NY 16656",bill_payment,
114,35,Johnston-Wilson,2025-04-01 23:36:30,154.27,"7784 Samantha Coves, Binghamton, NY 14905",atm_withdrawal,
115,3,"Lopez, Taylor and Young",2025-04-01 23:42:14,-453.52,"5150 Paul Stream, Queens, NY 18379",refund,
116,25,Smith Group,2025-04-02 01:44:45,-186.4,"4824 Rickey Light, Cheektowaga, NY 18141",refund,
117,12,Stewart Ltd,2025-04-02 01:56:24,-93.28,"8425 Alex Islands, Niagara Falls, NY 14070",refund,
118,17,Mendez-Peters,2025-04-02 02:00:06,327.51,"2774 Gray Roads, Syracuse, NY 18751",bill_payment,
119,52,Mcmillan-Pierce,2025-04-02 03:02:01,104.49,"3821 Frost Circle, Cheektowaga, NY 14677",atm_withdrawal,
120,8,Bush Ltd,2025-04-02 03:02:32,201.23,"7256 Micheal Points, West Jessicaborough, NJ 05628",wire_transfer,
121,2,"Ellison, Serrano and Sheppard",2025-04-02 03:03:22,138.76,"2590 Davis Walk, Troy, NY 16507",atm_withdrawal,
122,7,"Davis, Hoover and Walton",2025-04-02 03:05:32,177.1,"9693 Boyd Groves, White Plains, NY 17366",bill_payment,
123,37,"Webster, Evans and Robertson",2025-04-02 03:33:04,313.08,"6415 Mikayla Street, Staten Island, NY 16940",wire_transfer,
124,20,"Villarreal, Camacho and Mcclure",2025-04-02 03:34:50,263.67,"6768 Smith Tunnel, Troy, NY 17561",purchase,
125,33,Davis-Smith,2025-04-02 03:57:37,302.92,"6326 Burgess Path, Rochester, NY 17194",bill_payment,
126,43,Freeman-Wagner,2025-04-02 03:58:29,79.46,"3723 Kimberly Passage, White Plains, NY 16950",p2p_transfer,
127,46,Richardson PLC,2025-04-02 04:06:26,90.63,"8105 Bennett Inlet, Cheektowaga, NY 12342",purchase,
128,30,"Bryant, Dean and Payne",2025-04-02 04:11:19,36.14,"6747 Anderson Points, Queens, NY 12799",atm_withdrawal,
129,18,"Richardson, Braun and Myers",2025-04-02 04:28:41,-354.74,"2856 Brett Stream, Niagara Falls, NY 16552",refund,
130,41,Ryan-Rose,2025-04-02 04:32:07,20.3,"8883 Tracy Flats, Queens, NY 17355",atm_withdrawal,
131,11,Ramirez Ltd,2025-04-02 04:54:25,54.74,"8014 Stephanie Loaf, Cheektowaga, NY 11017",purchase,
132,2,"Franklin, Arellano and Brown",2025-04-02 04:59:13,59.25,"3973 Michael Summit, Cheektowaga, NY 18878",wire_transfer,
133,45,"Kennedy, Jordan and Nelson",2025-04-02 05:00:58,140.87,"1230 Theresa Drive, Syracuse, NY 17209",atm_withdrawal,
134,13,Santos Ltd,2025-04-02 05:35:08,274.36,"5308 Jordan Shores, Rochester, NY 14551",bill_payment,
135,25,"Horton, Walsh and Stephenson",2025-04-02 05:35:38,220.11,"400 Roberts Manor, Niagara Falls, NY 12932",wire_transfer,
136,20,"Thomas, Phillips and Tucker",2025-04-02 06:26:05,268.11,"3896 Miller Ville, New York, NY 19024",bill_payment,
137,48,"Adams, Rogers and Shelton",2025-04-02 06:31:56,5991.9,"6983 Jones Shore, Lake Derekberg, FL 32734",wire_transfer,
138,42,"Tate, Snyder and Calhoun",2025-04-02 06:32:45,65.31,"9860 Melissa Bypass, Brooklyn, NY 11757",purchase,
139,47,"Williams, Wilson and Cunningham",2025-04-02 06:41:27,456.14,"3046 Woods Wells, Niagara Falls, NY 15636",bill_payment,
140,22,"Adkins, Snyder and Young",2025-04-02 07:06:37,-401.24,"1574 Douglas Spurs, Niagara Falls, NY 15768",refund,
141,48,Burns-Fox,2025-04-02 07:19:29,73.96,"3153 Robin Estate, Binghamton, NY 16615",atm_withdrawal,
142,52,Thomas-Parker,2025-04-02 07:47:43,170.35,"5094 Spears Forges, White Plains, NY 19870",bill_payment,
143,21,Taylor Ltd,2025-04-02 08:07:02,79.9,"7739 Gibson Unions, Albany, NY 16967",purchase,
144,17,Ramirez-Shelton,2025-04-02 08:38:22,108.34,"4278 Johnson Road, South Michelleside, IL 68601",purchase,
145,25,Rivera-Morgan,2025-04-02 08:39:35,179.53,"8769 Smith Harbors, White Plains, NY 15778",wire_transfer,
146,37,Hendricks-Pena,2025-04-02 08:53:51,48.79,"6547 Christine Springs, Troy, NY 12389",atm_withdrawal,
147,42,Stone Inc,2025-04-02 09:04:55,203.62,"7249 Alice Rue, New Rachael, CT 00487",p2p_transfer,
148,51,Williams Group,2025-04-02 09:25:40,242.15,"1597 Jeffrey Point, Niagara Falls, NY 17193",bill_payment,
149,48,Cabrera-George,2025-04-02 09:28:57,-6.52,"22 Miller Circle, Schenectady, NY 16359",refund,
150,29,"Campbell, Rodriguez and Pratt",2025-04-02 09:39:33,85.34,"5259 Williamson Corners, Yonkers, NY 13947",atm_withdrawal,
151,11,"Holland, Holloway and Cruz",2025-04-02 09:47:03,290.1,"5047 Sabrina Rapids, West Lisafurt, MA 07864",p2p_transfer,
152,42,Wallace-Sheppard,2025-04-02 09:52:54,297.13,"4394 Patterson Island, Albany, NY 19363",bill_payment,
153,52,"Tucker, Navarro and Burton",2025-04-02 10:02:29,263.32,"7137 Patrick Plain, Syracuse, NY 17658",purchase,
154,44,Santana-Chandler,2025-04-02 10:10:38,-380.4,"6265 Phillips Road, Staten Island, NY 18731",refund,
155,52,George Group,2025-04-02 10:14:47,52.82,"7290 David Plains, Ithaca, NY 16255",p2p_transfer,
156,50,Drake Ltd,2025-04-02 10:36:57,-469.29,"6809 Willis Fork, Bronx, NY 14973",refund,
157,18,Campbell-White,2025-04-02 10:53:01,121.92,"5498 Lori Expressway, Utica, NY 19582",purchase,
158,4,Parker-Chapman,2025-04-02 10:58:00,254.45,"9363 James Valley, Niagara Falls, NY 13660",purchase,
159,40,Torres-Fitzpatrick,2025-04-02 11:15:54,-140.51,"1494 Shelby Bridge, Ithaca, NY 10343",refund,
160,45,"Shannon, Vaughan and Harvey",2025-04-02 11:37:30,463.42,"9080 Brown Circle, White Plains, NY 17234",wire_transfer,
161,51,Acosta Inc,2025-04-02 11:40:45,21.82,"7688 Peter Unions, White Plains, NY 13372",atm_withdrawal,
162,44,Brown Ltd,2025-04-02 11:52:32,-378.24,"1412 Stephanie Forest, Utica, NY 18612",refund,
163,5,Davis LLC,2025-04-02 12:01:13,21.03,"2698 Ball Parks, South Robertport, PA 18756",atm_withdrawal,
164,29,"Matthews, Mendoza and Mejia",2025-04-02 12:17:28,103.63,"6770 Silva Walk, Buffalo, NY 19450",bill_payment,
165,33,Jones and Sons,2025-04-02 12:40:06,-151.05,"3104 James Corner, Staten Island, NY 18413",refund,
166,46,Lee Ltd,2025-04-02 12:58:32,108.18,"6698 Martinez Keys, Schenectady, NY 14086",bill_payment,
167,28,"Lee, Hicks and Copeland",2025-04-02 12:59:15,3945.3,"8493 Steven Route, Queens, NY 19797",purchase,
168,29,Reid LLC,2025-04-02 13:03:14,2310.15,"521 Benjamin Islands, New York, NY 11650",atm_withdrawal,
169,13,Gray Inc,2025-04-02 13:03:39,4498.2,"1013 Melissa Fords, Binghamton, NY 19937",purchase,
170,18,"Simpson, Huber and Hensley",2025-04-02 13:16:29,148.01,"8923 Frank Overpass, Schenectady, NY 10729",purchase,
171,2,Walton and Sons,2025-04-02 13:16:32,424.2,"6577 Laura Avenue, Cheektowaga, NY 13057",bill_payment,
172,17,White and Sons,2025-04-02 13:32:07,166.64,"291 Yvette Islands, Cheektowaga, NY 12560",atm_withdrawal,
173,2,"King, Jackson and Lawrence",2025-04-02 13:53:12,107.5,"1545 Tommy Trail, Rochester, NY 16832",wire_transfer,
174,37,"Savage, Lozano and Paul",2025-04-02 14:37:08,409.27,"2184 Christopher Passage, Syracuse, NY 17462",p2p_transfer,
175,12,"Maldonado, Thornton and West",2025-04-02 14:39:16,6210.45,"4502 Bird Green, Yonkers, NY 19098",bill_payment,
176,50,Moore-Morse,2025-04-02 14:46:55,1553.85,"763 Brandon Brook, Staten Island, NY 14712",p2p_transfer,
177,18,Gomez PLC,2025-04-02 14:58:00,180.73,"1076 Jennifer Loop, Schenectady, NY 13455",atm_withdrawal,
178,1,Smith-Schneider,2025-04-02 15:18:54,109.03,"5497 Phillips Lodge, Staten Island, NY 11883",purchase,
179,22,Kelly Group,2025-04-02 15:59:49,172.55,"8654 Garner Ridges, Queens, NY 19542",purchase,
180,24,Patel-Ellis,2025-04-02 16:14:58,471.73,"5818 Miller Extensions, Binghamton, NY 15553",bill_payment,
181,7,Cook-Garcia,2025-04-02 16:17:51,-381.31,"4384 Rivera Fall, Niagara Falls, NY 19553",refund,
182,12,Dunn-Kennedy,2025-04-02 16:27:29,290.1,"5998 Sabrina Centers, New York, NY 19455",p2p_transfer,
183,41,"Barr, Fowler and Saunders",2025-04-02 16:39:08,463.73,"1752 Turner Turnpike, Binghamton, NY 12329",wire_transfer,
184,43,"Ellis, Kelly and Wilson",2025-04-02 16:40:14,423.41,"5657 Melanie Mills, Ithaca, NY 10716",wire_transfer,
185,43,"Mclean, May and Roy",2025-04-02 17:14:16,70.13,"5002 Lorraine River, Niagara Falls, NY 14134",atm_withdrawal,
186,2,"Gardner, Leonard and Sutton",2025-04-02 17:55:48,358.47,"2614 Rivers Ville, Niagara Falls, NY 19771",wire_transfer,
187,8,"Landry, Benitez and Wolfe",2025-04-02 18:24:23,153.72,"3540 William Shore, Lake Jamie, MA 04464",purchase,
188,42,"Franklin, King and Cole",2025-04-02 18:29:42,-360.32,"6022 Garcia Plains, Rochester, NY 18365",refund,
189,27,Watkins-Hudson,2025-04-02 19:12:58,231.49,"1834 Jones Brook, Bronx, NY 15708",purchase,
190,26,Acosta Group,2025-04-02 19:23:53,56.76,"7224 Michael Viaduct, Ithaca, NY 15603",atm_withdrawal,
191,3,"Pham, Johnson and Goodman",2025-04-02 19:48:01,340.3,"3039 Amber Junction, Bronx, NY 14011",wire_transfer,
192,3,Carter PLC,2025-04-02 20:01:35,363.0,"5950 Michael Ford, Binghamton, NY 17650",wire_transfer,
193,17,Miller-Lopez,2025-04-02 20:02:53,481.0,"9164 Gray Union, Albany, NY 14733",wire_transfer,
194,45,Avery-Neal,2025-04-02 20:06:56,266.6,"3349 David Ridge, Yonkers, NY 12795",wire_transfer,
195,37,"Moss, Sosa and Torres",2025-04-02 20:28:23,-129.27,"9160 Gray Isle, Ithaca, NY 13499",refund,
196,43,Brown and Sons,2025-04-02 20:28:44,-47.6,"246 Andersen Crossing, Niagara Falls, NY 14194",refund,
197,8,Dickson PLC,2025-04-02 20:28:51,49.61,"2137 Turner Mountain, Lake Paul, TX 78531",purchase,
198,19,Aguilar-Stewart,2025-04-02 20:30:18,454.96,"9018 Brenda Drive, New York, NY 19994",bill_payment,
199,7,"Villarreal, Lucas and Farmer",2025-04-02 21:17:27,-115.06,"5880 Frederick Street, Rochester, NY 15755",refund,
200,46,Henry Inc,2025-04-02 21:22:33,66.26,"7194 Brian Divide, White Plains, NY 11614",atm_withdrawal,
201,7,"Walters, Rogers and Velazquez",2025-04-02 21:38:13,244.02,"5831 Taylor Estates, Smithland, IL 64881",purchase,
202,3,Figueroa-Mcdonald,2025-04-02 21:42:31,75.19,"6075 Tyler Lodge, Staten Island, NY 17585",p2p_transfer,
203,4,"Miller, Herring and Hardy",2025-04-02 21:57:46,347.94,"7058 Rice Extension, Cheektowaga, NY 15197",bill_payment,
204,19,Perry Group,2025-04-02 22:23:51,1488.0,"4683 Bradley Locks, Schenectady, NY 16613",p2p_transfer,
205,17,"Shaw, Brown and Griffith",2025-04-02 22:26:55,94.08,"5997 Smith Expressway, Binghamton, NY 19991",p2p_transfer,
206,26,"Juarez, Howe and Mack",2025-04-02 22:37:32,41.08,"8579 Baker Court, New Betty, MA 01059",atm_withdrawal,
207,37,Hernandez Ltd,2025-04-02 22:39:12,-472.83,"4570 Joel Land, Bronx, NY 16415",refund,
208,35,Brown-Cunningham,2025-04-02 22:45:42,484.88,"3144 Alexis Lodge, Staten Island, NY 18036",p2p_transfer,
209,13,Bond-Wallace,2025-04-02 23:04:02,43.61,"7543 Cook Trafficway, Niagara Falls, NY 17420",atm_withdrawal,
210,24,"Estrada, Nguyen and Marshall",2025-04-03 01:02:41,-137.13,"2813 Ellis Points, Schenectady, NY 14089",refund,
211,25,Garcia-King,2025-04-03 01:46:53,227.35,"4326 Raymond Common, Troy, NY 17613",purchase,
212,3,"Grant, Duke and Smith",2025-04-03 01:55:45,439.18,"2600 Katherine Plains, Bronx, NY 11593",wire_transfer,
213,46,Holmes-Leach,2025-04-03 02:15:42,250.27,"6257 Alicia Course, Utica, NY 14371",p2p_transfer,
214,4,Lawrence-Garrett,2025-04-03 03:01:53,303.13,"4108 Jeremiah Grove, Bronx, NY 14149",wire_transfer,
215,14,Carson-Santiago,2025-04-03 03:30:20,-196.13,"7822 Martinez Gateway, Schenectady, NY 19753",refund,
216,16,"Jones, Walker and Campbell",2025-04-03 03:36:37,2302.65,"2311 David Passage, White Plains, NY 10563",purchase,
217,45,Norris PLC,2025-04-03 03:55:31,227.48,"7709 Katherine Street, Albany, NY 15803",purchase,
218,6,Salazar PLC,2025-04-03 04:06:08,181.51,"927 Bradshaw Tunnel, Ithaca, NY 17323",purchase,
219,13,Yates-Schultz,2025-04-03 04:07:33,387.83,"5312 Brooks Freeway, North Dustinland, CA 98434",bill_payment,
220,50,Watson-Kramer,2025-04-03 04:07:42,139.29,"9009 Chris Vista, Schenectady, NY 17710",purchase,
221,21,Martinez-Le,2025-04-03 04:45:52,361.33,"4590 Warren Meadow, Binghamton, NY 17840",bill_payment,
222,19,Reeves Inc,2025-04-03 04:48:02,33.07,"5212 Moody Villages, White Plains, NY 13590",purchase,
223,50,Miller-Reid,2025-04-03 04:49:50,79.66,"3116 Dixon Court, Troy, NY 18348",atm_withdrawal,
224,34,Ross Ltd,2025-04-03 05:08:04,445.21,"4986 Robert Roads, Robertview, TX 79766",bill_payment,
225,51,Garcia PLC,2025-04-03 06:00:28,-52.37,"9637 Daniels Hills, Niagara Falls, NY 18618",refund,
226,24,"Lester, Miller and Richard",2025-04-03 06:11:11,1432.65,"1558 Lauren Springs, Yonkers, NY 13317",wire_transfer,
227,19,Stone-Kelly,2025-04-03 06:25:31,36.26,"825 Amanda Shoal, Schenectady, NY 14924",purchase,
228,42,Powell-Briggs,2025-04-03 06:58:17,2845.05,"316 Hughes Landing, Bronx, NY 18337",p2p_transfer,
229,21,Delgado Group,2025-04-03 07:01:26,159.16,"3992 Smith Summit, Staten Island, NY 19515",wire_transfer,
230,37,"Garcia, Riley and Lopez",2025-04-03 07:10:58,144.96,"613 Christopher Forks, Bronx, NY 10133",purchase,
231,13,"Cummings, Hubbard and Smith",2025-04-03 07:38:42,226.83,"6029 Christopher Lakes, Cheektowaga, NY 10017",wire_transfer,
232,21,"Payne, Richard and Shaffer",2025-04-03 07:53:46,109.2,"6693 Lee Park, Morrowmouth, IL 65213",purchase,
233,13,Gray Inc,2025-04-03 08:03:39,-4498.2,"1013 Melissa Fords, Binghamton, NY 19937",cancellation,169
234,17,Simpson LLC,2025-04-03 08:08:58,137.09,"7460 Jessica Neck, Rochester, NY 17621",atm_withdrawal,
235,38,Nixon and Sons,2025-04-03 08:09:36,81.15,"2699 Susan Burg, Staten Island, NY 17061",atm_withdrawal,
236,6,"Cabrera, Gutierrez and Diaz",2025-04-03 08:15:29,276.33,"4487 Andrew Crescent, Troy, NY 14365",wire_transfer,
237,29,Marquez-Lewis,2025-04-03 08:29:52,479.39,"9683 Morse Cliffs, Utica, NY 19406",wire_transfer,
238,46,Smith-Li,2025-04-03 08:45:54,238.29,"4302 Greg Courts, Utica, NY 14224",p2p_transfer,
239,39,Bailey and Sons,2025-04-03 08:48:36,222.73,"7300 Michael Estates, Buffalo, NY 14110",purchase,
240,43,"Hardy, Miller and Matthews",2025-04-03 09:08:51,138.53,"2500 Tina Parkways, Ithaca, NY 17192",bill_payment,
241,34,"Barajas, Crawford and Jones",2025-04-03 09:10:26,268.52,"7551 Reyes Mall, Utica, NY 15594",wire_transfer,
242,12,"Adams, Clark and Grant",2025-04-03 09:15:17,171.09,"4065 Suzanne Summit, Staten Island, NY 16192",wire_transfer,
243,16,"Ray, York and Davis",2025-04-03 09:28:39,205.99,"4195 Karen Shores, Staten Island, NY 11312",purchase,
244,26,"Robertson, Castillo and Wong",2025-04-03 10:35:56,364.09,"820 Stanton Oval, Buffalo, NY 18586",wire_transfer,
245,46,Burgess Group,2025-04-03 10:47:04,327.61,"2170 Williams Valleys, Buffalo, NY 18133",bill_payment,
246,27,Warren-Nelson,2025-04-03 10:53:18,269.26,"4375 Mitchell Cape, Binghamton, NY 11269",bill_payment,
247,50,Campos-Hamilton,2025-04-03 10:58:12,371.84,"9204 Dustin Plain, Cheektowaga, NY 14244",bill_payment,
248,52,Johnson-Rodriguez,2025-04-03 11:01:13,36.14,"3719 Tiffany Camp, White Plains, NY 17833",purchase,
249,15,"Greer, Calderon and Hinton",2025-04-03 11:08:52,224.2,"1964 Meghan Gardens, Brooklyn, NY 13170",purchase,
250,48,Smith and Sons,2025-04-03 11:40:33,76.67,"3555 Allison Shores, Johnstonfurt, IL 61012",p2p_transfer,
251,32,Lopez Inc,2025-04-03 11:50:27,-209.32,"8623 Daniels Mount, Marieshire, FL 31873",refund,
252,35,"Harris, Anderson and Best",2025-04-03 11:54:02,162.52,"5783 Brian Shoals, Schenectady, NY 16849",atm_withdrawal,
253,2,Reyes-Woods,2025-04-03 12:12:57,-470.16,"7031 Marc Highway, Syracuse, NY 15981",refund,
254,34,Serrano-Burns,2025-04-03 12:16:10,109.52,"5786 Gomez Court, Yonkers, NY 10197",wire_transfer,
255,10,Parker PLC,2025-04-03 12:18:40,267.64,"4766 Freeman Forges, Syracuse, NY 15161",bill_payment,
256,13,Huerta LLC,2025-04-03 12:26:49,221.81,"5085 Angela Field, Buffalo, NY 10289",p2p_transfer,
257,15,Smith LLC,2025-04-03 12:27:19,178.71,"2964 Warner Lock, Cruzfort, MA 06302",purchase,
258,22,Garcia and Sons,2025-04-03 12:38:41,411.92,"3111 Mccullough Brook, Staten Island, NY 16314",bill_payment,
259,10,Peck-Patel,2025-04-03 12:51:23,-205.5,"131 William Mission, Rochester, NY 12999",refund,
260,33,"Hoffman, Lopez and Bryan",2025-04-03 13:06:35,93.62,"3173 Callahan Cape, Yonkers, NY 14177",atm_withdrawal,
261,10,"Burns, Fields and Terry",2025-04-03 13:12:04,84.42,"1951 Hoover Valleys, Utica, NY 18358",atm_withdrawal,
262,40,Mendoza-Walker,2025-04-03 13:23:01,-489.83,"1901 Campbell Ridges, Queens, NY 10868",refund,
263,40,"Barry, Brock and Dominguez",2025-04-03 13:41:19,302.65,"8217 John Estate, New York, NY 13807",wire_transfer,
264,8,"Blackwell, Flores and Wilson",2025-04-03 13:43:41,325.23,"971 Ramirez Streets, White Plains, NY 15104",bill_payment,
265,1,Walker-Rivera,2025-04-03 13:50:14,39.88,"547 Jones Estate, West Thomas, VT 01617",purchase,
266,35,Hogan PLC,2025-04-03 13:55:25,-46.34,"834 Mark Islands, Erikport, NJ 04266",refund,
267,3,Cook-Hall,2025-04-03 14:03:43,105.15,"4964 Jeffrey Crossing, Troy, NY 12215",bill_payment,
268,20,Diaz Group,2025-04-03 14:15:30,2404.8,"1336 Heather Creek, Cheektowaga, NY 10501",wire_transfer,
269,5,Johnson Group,2025-04-03 14:29:24,437.96,"4694 Pollard Plains, Troy, NY 11762",wire_transfer,
270,27,Morris-Murphy,2025-04-03 14:39:53,-498.31,"2359 Medina Port, New York, NY 17453",refund,
271,37,Mcdaniel-Ramirez,2025-04-03 15:06:39,372.57,"8047 Margaret Ville, Brooklyn, NY 19946",wire_transfer,
272,37,Hill Inc,2025-04-03 15:10:15,306.42,"5654 Dickerson Fields, Rochester, NY 12398",wire_transfer,
273,22,"Andrade, Roberts and Cummings",2025-04-03 15:16:27,2309.4,"3484 Shepherd Drive, White Plains, NY 11855",atm_withdrawal,
274,14,"Taylor, Haynes and Salazar",2025-04-03 15:17:09,317.02,"7851 Powell Corners, Bronx, NY 11500",wire_transfer,
275,42,"Lindsey, Lee and Lynn",2025-04-03 15:24:01,92.19,"2041 Singleton Mount, Rochester, NY 18320",p2p_transfer,
276,21,"Todd, Gonzalez and Lambert",2025-04-03 16:04:40,408.73,"341 Smith Heights, Buffalo, NY 13700",wire_transfer,
277,44,"Wong, King and Klein",2025-04-03 16:10:45,225.27,"6519 Tanya Branch, Queens, NY 10625",purchase,
278,46,Willis Group,2025-04-03 16:37:04,257.14,"1510 Mason Plains, Schenectady, NY 16800",wire_transfer,
279,51,Brown-Barnes,2025-04-03 16:47:31,373.73,"1002 Henry Islands, Bronx, NY 15523",bill_payment,
280,12,Sanchez LLC,2025-04-03 16:57:08,149.75,"9103 Ray Flat, Niagara Falls, NY 19577",p2p_transfer,
281,34,Mason Group,2025-04-03 17:48:19,104.09,"8006 Bolton Springs, Utica, NY 10414",purchase,
282,4,Dominguez Ltd,2025-04-03 17:52:38,155.47,"7302 Jones Inlet, Albany, NY 13344",purchase,
283,19,"Bird, Willis and Yates",2025-04-03 17:55:20,388.42,"9451 Duncan Knoll, Binghamton, NY 16387",wire_transfer,
284,32,Brown-Gonzales,2025-04-03 18:25:27,196.09,"4903 Collins Underpass, Troy, NY 18370",p2p_transfer,
285,32,Lewis Ltd,2025-04-03 18:26:30,21.6,"9934 Lucero Pine, Rochester, NY 10008",atm_withdrawal,
286,31,"Turner, Smith and Alexander",2025-04-03 18:40:42,122.02,"3806 Michael Motorway, East Amberton, MA 05622",bill_payment,
287,36,"Hale, Becker and Daniel",2025-04-03 19:12:15,165.66,"75 Robert Knoll, Niagara Falls, NY 18067",wire_transfer,
288,34,Mcclure Group,2025-04-03 19:12:55,97.88,"9961 Wiley Ferry, White Plains, NY 10261",atm_withdrawal,
289,15,"Tyler, Cobb and Williams",2025-04-03 19:14:14,133.81,"7659 Virginia Cliff, Yonkers, NY 17489",p2p_transfer,
290,42,"Todd, Gordon and Briggs",2025-04-03 19:22:37,225.87,"3285 Trevino Heights, Ithaca, NY 19846",bill_payment,
291,14,Floyd Group,2025-04-03 19:27:58,495.29,"1860 Rubio Mountain, Cheektowaga, NY 12793",bill_payment,
292,22,Rios-Swanson,2025-04-03 19:56:23,193.25,"7256 Michael Turnpike, Utica, NY 16544",bill_payment,
293,11,"Krause, Rodriguez and Lewis",2025-04-03 19:59:00,218.73,"6680 Black Trail, Staten Island, NY 19525",wire_transfer,
294,20,"Meyers, Fernandez and Wolfe",2025-04-03 20:09:32,311.11,"8655 Vang Way, Syracuse, NY 16010",p2p_transfer,
295,28,"Cochran, Davis and Serrano",2025-04-03 20:10:56,99.3,"8814 Patterson Causeway, Rochester, NY 10825",bill_payment,
296,6,Lee-Sherman,2025-04-03 20:27:34,201.53,"6443 David Station, New York, NY 15165",purchase,
297,49,"Watkins, Potter and Richards",2025-04-03 20:34:46,334.08,"2190 Isabel Mills, Brooklyn, NY 11947",p2p_transfer,
298,6,Murray-Hogan,2025-04-03 21:12:10,119.15,"9825 Corey Spring, Yonkers, NY 18154",atm_withdrawal,
299,5,"Hammond, Ruiz and Snyder",2025-04-03 21:15:57,284.05,"5210 Tracy Bypass, West Lisaborough, CT 04029",p2p_transfer,
300,16,Faulkner Group,2025-04-03 21:27:28,162.94,"7716 Clark Bypass, Cantrellborough, TX 78318",purchase,
301,51,Walter-Johnson,2025-04-03 21:39:29,203.46,"2837 Michelle Expressway, White Plains, NY 11160",wire_transfer,
302,34,"Anderson, Alvarez and Valencia",2025-04-03 21:43:49,487.71,"9963 King Circle, Ashleytown, FL 33090",bill_payment,
303,46,Curry-Walker,2025-04-03 22:05:32,91.53,"6254 Clark Club, Bronx, NY 14531",wire_transfer,
304,45,Berger-Walker,2025-04-03 23:37:57,58.84,"2626 Cheryl Tunnel, Queens, NY 10938",atm_withdrawal,
305,1,"Kelley, Maldonado and Cochran",2025-04-03 23:44:58,492.88,"6509 Williamson Points, Binghamton, NY 19109",wire_transfer,
306,35,Lopez-Miller,2025-04-03 23:55:12,117.58,"9319 Daniel Crossing, Binghamton, NY 12538",p2p_transfer,
307,34,"Serrano, Johnston and Ortiz",2025-04-04 01:32:56,196.34,"261 Victoria Rapids, Alexandraburgh, CT 03418",purchase,
308,34,Herman PLC,2025-04-04 01:38:13,285.94,"9426 Troy Manor, Schenectady, NY 13891",wire_transfer,
309,34,Wilson PLC,2025-04-04 01:45:58,262.46,"6279 John Village, Syracuse, NY 16603",purchase,
310,29,"Wallace, Elliott and Davis",2025-04-04 02:03:57,-412.69,"1072 William Lakes, Cheektowaga, NY 19611",refund,
311,29,Lucas and Sons,2025-04-04 02:14:21,27.33,"8443 Harrison Course, New York, NY 18054",atm_withdrawal,
312,1,"Miller, Thompson and Moore",2025-04-04 02:24:35,322.35,"2213 Hernandez Forks, Binghamton, NY 16667",wire_transfer,
313,9,Carr Inc,2025-04-04 02:41:03,106.69,"4889 Cuevas Plain, Binghamton, NY 16487",atm_withdrawal,
314,35,"Daniels, Jones and Mora",2025-04-04 03:04:03,166.02,"9601 Ronald Streets, Judithtown, FL 38568",atm_withdrawal,
315,36,Turner-Kennedy,2025-04-04 03:14:45,-224.06,"5383 Darrell Glen, Staten Island, NY 15803",refund,
316,8,Farrell Ltd,2025-04-04 03:44:37,85.42,"8523 Burke Lakes, Utica, NY 10317",atm_withdrawal,
317,52,"West, Sanchez and Hayden",2025-04-04 03:59:20,126.05,"9030 Anderson Mountain, Brooklyn, NY 17854",p2p_transfer,
318,25,Murphy-Williamson,2025-04-04 04:15:19,-453.7,"5231 Fuentes Summit, White Plains, NY 19599",refund,
319,34,Espinoza and Sons,2025-04-04 04:20:29,168.18,"2391 Susan Highway, Syracuse, NY 19572",atm_withdrawal,
320,8,Jones Ltd,2025-04-04 04:22:25,57.21,"2346 Lawrence Green, Lake Larrystad, IL 68182",atm_withdrawal,
321,45,Gallagher-Rivera,2025-04-04 04:22:39,364.27,"5432 Julie Circles, Niagara Falls, NY 12571",p2p_transfer,
322,42,"Brown, Smith and Baker",2025-04-04 04:37:55,264.62,"4032 Salazar Stravenue, Staten Island, NY 18750",p2p_transfer,
323,42,Lee Group,2025-04-04 05:02:02,96.13,"6802 Kristin Via, Bronx, NY 11584",atm_withdrawal,
324,46,"Torres, Moore and Hughes",2025-04-04 05:30:35,326.71,"4603 Alexander Burgs, Rochester, NY 19898",bill_payment,
325,19,Gay Inc,2025-04-04 05:36:12,355.09,"3852 Donald Parkway, Ithaca, NY 18309",p2p_transfer,
326,8,"Martin, Davis and Mccarthy",2025-04-04 05:52:02,54.91,"7403 Claudia Fords, Staten Island, NY 13279",atm_withdrawal,
327,51,Webster and Sons,2025-04-04 06:15:03,176.94,"985 Boone Mission, Staten Island, NY 17587",atm_withdrawal,
328,47,Rogers-Burgess,2025-04-04 06:18:02,268.38,"7823 Howard Field, Schenectady, NY 15498",p2p_transfer,
329,2,"Hopkins, Gonzalez and Walker",2025-04-04 06:31:22,193.98,"8542 Sherman Loop, New York, NY 19905",atm_withdrawal,
330,41,Holmes-Wallace,2025-04-04 06:34:57,-497.04,"6331 John Key, Syracuse, NY 15560",refund,
331,15,Ingram-Flores,2025-04-04 07:01:02,79.4,"7487 Walters Cove, Staten Island, NY 10217",bill_payment,
332,43,Nelson Group,2025-04-04 07:04:45,341.76,"9422 Simpson Summit, Buffalo, NY 15063",bill_payment,
333,36,"Hill, Bonilla and Castro",2025-04-04 07:07:30,104.98,"7928 Cynthia Haven, Yonkers, NY 11107",p2p_transfer,
334,20,Hill Group,2025-04-04 07:39:38,44.04,"498 Taylor Fields, Yonkers, NY 17878",atm_withdrawal,
335,9,Jones PLC,2025-04-04 07:45:57,77.13,"7658 Wilkerson Alley, East Julie, CA 98046",bill_payment,
336,49,Williams LLC,2025-04-04 07:55:01,131.2,"5895 Griffin Mountain, Niagara Falls, NY 10891",purchase,
337,25,"Phillips, Mcpherson and Small",2025-04-04 08:05:52,-406.19,"4720 Osborne Mountain, Niagara Falls, NY 18263",refund,
338,12,"Sanchez, Johnson and Reid",2025-04-04 08:42:48,360.13,"8889 Catherine Motorway, Lake Brandon, TX 77862",bill_payment,
339,14,"Shaffer, Webb and Martinez",2025-04-04 09:01:04,-343.23,"3247 Robin Station, Albany, NY 13705",refund,
340,22,Glenn-Rivera,2025-04-04 09:11:59,233.25,"457 Douglas Junction, Brooklyn, NY 12641",bill_payment,
341,51,Barnes-Jackson,2025-04-04 09:25:03,127.48,"7673 King Alley, Buffalo, NY 13478",purchase,
342,9,Brown-Mathis,2025-04-04 09:26:21,92.52,"3566 Baldwin Squares, Ithaca, NY 17402",atm_withdrawal,
343,49,Jennings Ltd,2025-04-04 09:50:08,429.08,"8266 Aaron Glen, Rochester, NY 11784",p2p_transfer,
344,29,Lozano Inc,2025-04-04 10:01:49,294.9,"8262 Ryan Ville, Troy, NY 18763",purchase,
345,37,"Thomas, Jackson and Sullivan",2025-04-04 10:24:43,-243.59,"2993 Davis Lock, Binghamton, NY 12898",refund,
346,11,"Garcia, Jones and Fisher",2025-04-04 10:27:37,357.24,"4885 Wilson Overpass, Queens, NY 18616",wire_transfer,
347,32,Ellis Ltd,2025-04-04 10:56:18,73.73,"1404 Jordan Forest, Albany, NY 15012",p2p_transfer,
348,5,Page-Haynes,2025-04-04 10:56:46,24.97,"9872 Reid Mews, Schenectady, NY 18597",atm_withdrawal,
349,5,"Reese, Medina and Williams",2025-04-04 11:42:31,164.84,"7998 Callahan Stravenue, White Plains, NY 12343",bill_payment,
350,22,"Perez, Christian and Allen",2025-04-04 12:28:13,134.46,"8504 Lisa Trail, Schenectady, NY 17709",bill_payment,
351,4,Watts-Gomez,2025-04-04 12:42:07,161.83,"7737 Sean Cliff, Queens, NY 12266",atm_withdrawal,
352,14,"Garcia, Shannon and Ryan",2025-04-04 12:52:01,297.96,"8559 Matthew Estates, Albany, NY 14787",purchase,
353,47,Case-Garcia,2025-04-04 13:00:21,202.15,"4725 King Grove, Lake John, PA 19889",bill_payment,
354,1,Wood-Leach,2025-04-04 13:24:59,292.12,"3185 Keith Glen, Queens, NY 18976",purchase,
355,15,Miles LLC,2025-04-04 13:28:31,75.38,"3682 Cooper Junctions, White Plains, NY 12331",bill_payment,
356,39,"Powell, Kidd and Carter",2025-04-04 13:46:17,-67.79,"1352 Mark Crescent, Staten Island, NY 11148",refund,
357,2,Stephenson-Brock,2025-04-04 14:03:23,38.1,"6721 Perry Ridges, Niagara Falls, NY 13397",atm_withdrawal,
358,20,Hall-Colon,2025-04-04 14:08:01,211.54,"7039 Taylor Port, Albany, NY 11957",wire_transfer,
359,43,Woods and Sons,2025-04-04 14:17:59,96.34,"4214 Laura Mews, Utica, NY 15041",bill_payment,
360,29,"Vaughn, Schneider and Fox",2025-04-04 14:37:33,-10.47,"5515 Hunter Wells, Utica, NY 16360",refund,
361,44,Warner and Sons,2025-04-04 15:53:17,84.61,"7629 Valencia Plaza, New York, NY 13199",purchase,
362,11,"Munoz, Perkins and Wilson",2025-04-04 15:54:55,473.29,"74 John Burgs, Syracuse, NY 10663",p2p_transfer,
363,2,"Beck, Allen and Griffin",2025-04-04 15:59:18,289.65,"2831 William Mill, Lake Pamela, IL 64343",p2p_transfer,
364,52,Martin and Sons,2025-04-04 16:07:01,2065.2,"5887 Deborah Mountains, Rochester, NY 15328",p2p_transfer,
365,40,"Smith, Gordon and Lopez",2025-04-04 16:08:30,62.85,"1136 Alexis Valley, Buffalo, NY 13472",atm_withdrawal,
366,23,Schneider-Morgan,2025-04-04 16:30:03,318.55,"4143 Jones Causeway, Rochester, NY 14363",bill_payment,
367,50,Robles LLC,2025-04-04 16:37:28,3989.1,"7018 Ferguson Squares, Buffalo, NY 11291",purchase,
368,1,Lester PLC,2025-04-04 17:00:40,-354.25,"1254 William Port, White Plains, NY 11866",refund,
369,41,"Ellis, Cochran and Bryant",2025-04-04 17:02:53,179.11,"6936 Rodney Dale, Cherylland, CT 02433",p2p_transfer,
370,32,Jenkins-Moore,2025-04-04 17:32:24,423.01,"3439 Chris Center, Cheektowaga, NY 17022",p2p_transfer,
371,41,Meyer-Wells,2025-04-04 17:36:44,-160.55,"2827 Erica Ridges, Yonkers, NY 18165",refund,
372,52,Meyer-Boyd,2025-04-04 17:47:36,-443.06,"279 William Ford, White Plains, NY 19432",refund,
373,39,Ramirez PLC,2025-04-04 18:07:39,69.05,"8622 Maldonado Valleys, Buffalo, NY 16592",atm_withdrawal,
374,37,Hunter-Waters,2025-04-04 18:16:25,469.35,"2526 Andrea Manor, Bronx, NY 12455",p2p_transfer,
375,42,Garrett-Chung,2025-04-04 18:19:50,131.16,"7190 Barnes Grove, Queens, NY 17059",atm_withdrawal,
376,2,Davis-Campbell,2025-04-04 18:37:34,301.99,"3144 Nathaniel Camp, Carterton, TX 75556",p2p_transfer,
377,33,Newton Inc,2025-04-04 18:42:43,-15.24,"2672 Jason Station, New York, NY 14487",refund,
378,8,"Torres, Williamson and Armstrong",2025-04-04 18:59:01,-105.66,"5147 John Tunnel, Utica, NY 10169",refund,
379,15,"Baldwin, Jackson and Alvarez",2025-04-04 19:00:01,306.72,"8491 Jeffrey Trail, Niagara Falls, NY 16005",bill_payment,
380,7,Lynch-Atkins,2025-04-04 19:08:57,-306.14,"1382 Sarah Causeway, Utica, NY 14305",refund,
381,21,Griffin-Foley,2025-04-04 19:42:59,63.25,"8295 Joan Meadow, Syracuse, NY 11813",purchase,
382,8,"Lopez, Nguyen and Rowe",2025-04-04 20:06:01,61.72,"2950 Jones Union, Syracuse, NY 17847",atm_withdrawal,
383,32,Page-Warner,2025-04-04 20:07:24,31.15,"1735 Scott Dale, New York, NY 18763",purchase,
384,37,Yoder-Hill,2025-04-04 20:25:17,-10.25,"1284 Green Street, Lake Robertfort, FL 34862",refund,
385,31,"Hogan, Wright and Reyes",2025-04-04 20:31:05,348.37,"7794 Donald Plain, Yonkers, NY 13876",bill_payment,
386,13,Kim-Vega,2025-04-04 20:46:06,445.39,"2065 Shawn Cape, Syracuse, NY 18751",p2p_transfer,
387,8,Miller LLC,2025-04-04 21:12:53,71.84,"18 Petersen Spring, Binghamton, NY 18320",purchase,
388,39,Harrison LLC,2025-04-04 21:14:09,1353.45,"6433 Rebecca Mountain, Albany, NY 13155",purchase,
389,30,Clark-Hickman,2025-04-04 21:32:22,106.82,"5201 Thornton Harbor, Yonkers, NY 16368",purchase,
390,51,Ray LLC,2025-04-04 21:53:59,51.22,"5450 Tony Meadows, Binghamton, NY 12600",purchase,
391,23,"Henderson, Sims and Spencer",2025-04-04 22:07:46,44.41,"5496 Russell Turnpike, New York, NY 15455",atm_withdrawal,
392,42,"Barrera, Wright and Pacheco",2025-04-04 22:10:42,291.91,"8586 Collins Street, Schenectady, NY 13715",purchase,
393,36,Bowman-Smith,2025-04-04 22:13:40,299.49,"4708 Jamie Spurs, Staten Island, NY 17496",purchase,
394,32,Conley-Morales,2025-04-04 22:25:46,379.13,"7425 Mark Vista, Syracuse, NY 11739",bill_payment,
395,39,"Stafford, Haas and Bradley",2025-04-04 22:29:14,3271.05,"4613 Rodriguez Island, Brooklyn, NY 15184",wire_transfer,
396,35,Harris Ltd,2025-04-04 22:29:40,30.4,"8611 Keith Drives, New York, NY 15941",atm_withdrawal,
397,29,Ruiz-Kidd,2025-04-04 22:49:30,-139.92,"2511 Duncan Cliffs, Queens, NY 17321",refund,
398,21,"Smith, Hill and Martinez",2025-04-04 23:00:57,421.32,"5654 Wiley Fort, Schenectady, NY 16767",bill_payment,
399,40,Torres LLC,2025-04-04 23:08:47,-160.37,"4128 Kenneth Path, Cheektowaga, NY 16087",refund,
400,8,Flowers-Miller,2025-04-04 23:30:09,19.78,"3340 Grant Rapids, Yonkers, NY 14376",purchase,
401,49,Yoder Group,2025-04-04 23:49:19,-135.06,"4614 Anne Rapid, Schenectady, NY 13656",refund,
